id,name,birthday,state,create_date
'1','张三','2018-09-24',true,'2018-09-24 20:27:16'
'3','李四','2018-09-25',true,'2018-09-25 20:27:16'
'4','王五','2018-09-26',true,'2018-09-26 20:27:16'
'5','赵柳','2018-09-27',true,'2018-09-27 20:27:16'
'6','田七','2018-09-28',true,'2018-09-28 20:27:16'
'7','向八','2018-09-29',true,'2018-09-29 20:27:16'
'8','毛九','2018-09-20',true,'2018-09-20 20:27:16'
'9','刘十','2018-09-21',true,'2018-09-21 20:27:16'
'10','张思','2018-09-22',true,'2018-09-22 20:27:16'
'11','张颂','2018-09-23',true,'2018-09-23 20:27:16'
'12','张苏','2018-09-24',true,'2018-09-24 20:27:16'
'13','张卡','2018-09-25',true,'2018-09-25 20:27:16'